{"cameraMode":{"drawMode":0,"name":"Shaded","section":"Shading Mode"},"sceneLighting":false,"audioPlay":false,"sceneViewState":{"showFog":true,"showMaterialUpdate":false,"showSkybox":false,"showFlares":true,"showImageEffects":true,"showParticleSystems":true},"in2DMode":false,"pivot":{"x":-13.425374984741211,"y":0.8942196369171143,"z":11.211236000061036},"rotation":{"x":-3.386758651302557e-9,"y":-0.9981095194816589,"z":-3.702796291804589e-8,"w":0.0614611878991127},"size":10.825307846069336,"orthographic":false}