{"cameraMode":{"drawMode":0,"name":"Shaded","section":"Shading Mode"},"sceneLighting":true,"audioPlay":false,"sceneViewState":{"showFog":true,"showMaterialUpdate":false,"showSkybox":true,"showFlares":true,"showImageEffects":true,"showParticleSystems":true},"in2DMode":false,"pivot":{"x":83.52471923828125,"y":-105.91162109375,"z":-60.117759704589847},"rotation":{"x":-0.3312194347381592,"y":-0.6221455931663513,"z":0.32746273279190066,"w":-0.6292827725410461},"size":250.22450256347657,"orthographic":false}